ISO,Life expectancy,Adult Mortality,infant deaths,percentage expenditure,Measles,BMI,under-five deaths,HIV/AIDS,GDP,Population,thinness 1-19 years,thinness 5-9 years,Income composition of resources,Schooling,Happiness Rank,Happiness Score,Factor economy,Factor health,Freedom,Trust (Government Corruption),Generosity,2010,2011,2012,2013,2014,2015,2016,2017,2018,Unnamed: 49,MeanGini,RankGini,index,Mean Crime Index,Min Crime Index,Max Crime Index,RankCrime
ALB,77.03333333333333,71.83333333333333,0.16666666666666666,352.6549145816667,7.833333333333333,56.15,0.8333333333333334,0.10000000000000002,3687.311108166666,199472.66666666666,1.3,1.4000000000000001,0.7494999999999999,13.766666666666666,106.4,4.712600010681152,0.9386325506629944,0.7876959493293763,0.3718977269630432,0.04320084319996834,0.16788658885860439,0.0,0.0,29.0,0.0,0.0,0.0,0.0,0.0,0.0,0.0,29.0,17.0,4.0,44.5,44.5,44.5,62.0
ARG,75.93333333333334,83.0,8.666666666666666,779.11108305,3.8333333333333335,52.3,9.833333333333334,0.10000000000000002,10943.672711666666,36019452.0,1.0,0.9,0.819,17.166666666666668,31.2,6.459399995422364,1.111035092521668,0.7608954167060852,0.4816198407802582,0.0643079775428772,0.092371412138939,43.0,42.3,41.2,41.0,41.4,0.0,42.4,40.6,0.0,0.0,41.7,91.0,7.0,66.27333333333333,60.38000000000001,75.11,133.0
ARM,74.26666666666667,105.66666666666667,1.0,222.41801301666663,9.666666666666666,53.0,1.0,0.10000000000000002,3106.361040333333,1540915.0,2.0500000000000003,2.1166666666666667,0.7328333333333333,12.633333333333333,122.8,4.3931999855041495,0.8391333475723265,0.6978508851966858,0.2160286534719468,0.03876688430082798,0.08239361836528777,30.0,29.4,29.6,30.6,31.5,32.4,32.5,33.6,0.0,0.0,31.2,24.0,8.0,21.66,21.66,21.66,9.0
AUS,82.36666666666666,52.333333333333336,1.0,9013.544533833332,171.83333333333334,65.25,1.0,0.10000000000000002,61393.17152833333,12071373.0,0.6166666666666666,0.6,0.9316666666666666,20.083333333333332,10.0,7.276199983978271,1.3948849870224,0.9145293585319519,0.6050434764595032,0.3145727460727692,0.4160778499965668,34.7,0.0,0.0,0.0,35.8,0.0,0.0,0.0,0.0,0.0,35.25,52.0,9.0,46.27375,22.31,73.51,73.0
AUT,84.0,59.0,0.0,5335.781070126667,97.0,56.38333333333334,0.0,0.10000000000000002,40276.874235,7218682.833333333,1.7833333333333332,2.0,0.8845000000000001,15.716666666666665,12.0,7.142000008392334,1.398341452667236,0.8836796838417055,0.576929237915039,0.21426007308769218,0.29240046434974676,30.3,30.8,30.5,30.8,30.5,30.5,0.0,0.0,0.0,0.0,30.566666666666663,21.0,10.0,27.115000000000002,26.85,27.380000000000003,18.0
BEL,83.85000000000001,65.66666666666667,0.0,1651.5745874,146.83333333333334,62.81666666666666,1.0,0.10000000000000002,11688.873595,6123591.0,0.95,0.9333333333333332,0.8870000000000001,16.233333333333334,17.6,6.92139995880127,1.375398152153016,0.8828703738708497,0.5387621444778442,0.23784462621307378,0.20888066752433782,28.4,28.1,27.5,27.7,28.1,27.7,0.0,0.0,0.0,0.0,27.916666666666668,11.0,16.0,43.4025,26.26,57.38000000000001,61.0
BGD,72.35000000000001,114.83333333333333,108.16666666666667,41.257422145,1527.5,16.733333333333334,135.66666666666666,0.10000000000000002,617.9028264499999,59971506.333333336,18.400000000000002,18.883333333333333,0.5578333333333333,9.733333333333333,113.8,4.580199960327148,0.5239965950584412,0.5933542067108154,0.47826733188247683,0.1324475718774796,0.17895907042789458,32.1,0.0,0.0,0.0,0.0,0.0,32.4,0.0,0.0,0.0,32.25,31.0,14.0,63.65999999999999,63.65999999999999,63.65999999999999,127.0
BGR,73.98333333333333,119.83333333333333,0.8333333333333334,465.97426575,3696.0,64.2,1.0,0.10000000000000002,7426.171968333333,6191143.166666667,1.9333333333333331,1.9166666666666667,0.7805,14.433333333333332,113.0,4.618600045013428,1.0865358176651,0.7359535360908508,0.2954583435173034,0.007784306189954281,0.1010635388760566,35.7,34.3,36.0,36.6,37.4,0.0,0.0,0.0,0.0,0.0,36.0,60.0,20.0,39.63,37.13,42.13,49.0
BLR,72.14999999999999,177.66666666666666,0.0,534.013507075,23.833333333333332,51.8,0.6666666666666666,0.10000000000000002,4920.620287,8052895.666666667,1.9666666666666668,2.066666666666667,0.7916666666666666,15.6,68.2,5.597999953460694,1.085019511993408,0.6987668533554079,0.3015380523757934,0.1635567643346786,0.120003501821518,28.6,27.2,26.5,26.6,27.2,25.6,25.3,25.4,0.0,0.0,26.55,5.0,15.0,58.720000000000006,58.720000000000006,58.720000000000006,114.0
BRA,74.48333333333333,147.66666666666666,47.666666666666664,673.1368692533333,237.16666666666666,54.05,53.333333333333336,0.10000000000000002,9813.986441666666,70799653.83333333,2.8000000000000003,2.75,0.7341666666666667,14.433333333333332,23.0,6.6578000457763675,1.033226642089844,0.6809444705810546,0.4430387493591308,0.1203925522317886,0.13496997892856602,0.0,52.9,52.7,52.8,51.5,51.3,53.7,53.3,0.0,0.0,52.6,120.0,19.0,67.51076923076923,45.72,77.93,136.0
BWA,63.61666666666666,247.83333333333334,2.0,315.4582386908333,145.0,36.516666666666666,2.5,3.9,4804.773590333333,561024.5,7.1833333333333345,6.9,0.6869999999999999,12.5,140.2,3.830000006484986,1.053580830871582,0.3384071018753052,0.4906072665863038,0.10460263981676102,0.07904168964338301,0.0,0.0,0.0,0.0,0.0,53.3,0.0,0.0,0.0,0.0,53.3,121.0,18.0,55.67,55.67,55.67,109.0
CAN,81.71666666666667,56.5,2.0,4867.609570366666,268.0,65.55,2.0,0.10000000000000002,33583.381264999996,13589995.5,0.5166666666666667,0.4833333333333333,0.908,15.966666666666665,6.8,7.350599996948242,1.388128883255004,0.90055753049469,0.6109541824188233,0.3058463032455444,0.3895979444885254,33.6,0.0,0.0,34.0,0.0,0.0,0.0,0.0,0.0,0.0,33.8,44.0,24.0,43.21114285714286,15.14,64.58,58.0
CHE,82.86666666666666,53.0,0.0,12996.624099166665,165.33333333333334,56.4,0.0,0.10000000000000002,70817.14495,5675358.166666667,0.45,0.31666666666666665,0.932,15.733333333333334,3.6,7.511399991607666,1.472163910644532,0.9283182578964233,0.6206421153335573,0.3797634570713044,0.2774318556518554,32.6,31.7,31.6,32.5,32.5,32.3,0.0,0.0,0.0,0.0,32.199999999999996,29.0,130.0,21.156666666666666,17.26,26.610000000000003,6.0
CHL,81.3,84.66666666666667,2.0,1240.8510157166666,2.5,53.166666666666664,2.0,0.10000000000000002,10434.300126666667,14787653.0,0.8000000000000002,0.8166666666666668,0.8296666666666667,15.7,24.4,6.5893999900817875,1.173326921958924,0.8449759407806396,0.39682105573844895,0.08849759642124176,0.2720484842453002,0.0,47.6,0.0,47.3,0.0,47.7,0.0,46.6,0.0,0.0,47.300000000000004,112.0,25.0,59.8,59.8,59.8,118.0
CHN,75.51666666666667,88.5,193.33333333333334,51.865438593499995,29359.5,21.46666666666667,224.83333333333334,0.10000000000000002,3626.450553,135528.33333333334,3.8833333333333337,3.25,0.7106666666666666,12.833333333333334,85.0,5.218999952697755,1.003417158111572,0.7971211001281737,0.5095755416088104,0.056210854922652244,0.04944936820018292,43.7,42.4,42.2,39.7,39.1,38.6,0.0,0.0,0.0,0.0,40.949999999999996,86.0,26.0,33.53,31.860000000000003,36.41,38.0
COL,74.31666666666666,122.33333333333333,11.166666666666666,539.3496447033333,1.5,56.06666666666666,13.166666666666666,0.10000000000000002,4063.3124728333337,33247267.833333332,2.1333333333333333,1.9333333333333331,0.7096666666666667,13.25,36.0,6.339999974822998,0.9929104649887079,0.6716775847167968,0.49209948301506046,0.04497174837040902,0.13745689459228522,54.7,53.5,52.7,52.8,52.7,51.1,50.8,49.7,0.0,0.0,52.25,118.0,27.0,62.67999999999999,53.11999999999999,69.5,125.0
CRI,79.13333333333334,83.0,1.0,1357.6254881833333,0.16666666666666666,49.0,1.0,0.10000000000000002,5289.141905166667,1741365.3333333333,1.75,1.7166666666666668,0.7606666666666667,13.683333333333332,12.6,7.126199999237061,1.035655256523132,0.8322478530845642,0.5912283299942016,0.10108131789922721,0.1964226458072662,48.2,48.7,48.6,49.3,48.6,48.4,48.7,48.3,0.0,0.0,48.6,114.0,28.0,55.38000000000001,55.38000000000001,55.38000000000001,107.0
CYP,81.36666666666666,55.166666666666664,0.0,884.3002297166668,4.833333333333333,50.01666666666667,0.0,0.10000000000000002,12151.903803333333,454297.3333333333,0.9166666666666666,1.0,0.8506666666666668,14.05,62.2,5.732799962615966,1.274927615394592,0.913614940235138,0.3771803078727722,0.04619559528040886,0.24973886021423342,31.5,32.6,34.3,37.0,35.6,34.0,0.0,0.0,0.0,0.0,34.166666666666664,47.0,31.0,30.96,29.869999999999997,32.05,30.0
DEU,84.66666666666667,71.5,2.0,1855.2361458666667,1205.1666666666667,43.13333333333333,3.0,0.10000000000000002,16925.929945,17919916.666666668,1.1,1.1,0.9163333333333334,16.900000000000002,18.0,6.92900004272461,1.395342676742554,0.8707361463508606,0.5585882768974304,0.2651343876247406,0.2913858340091706,30.2,30.5,0.0,31.1,0.0,31.7,0.0,0.0,0.0,0.0,30.875000000000007,23.0,46.0,36.858,18.66,44.12,42.0
DNK,81.64999999999999,76.33333333333333,0.0,5477.423051966667,24.0,57.9,0.0,0.10000000000000002,33730.662535,4773119.5,1.1,0.9,0.9185000000000001,18.2,2.2,7.5459999671936036,1.396728602554322,0.8652491049156188,0.6259593444900512,0.42937401363372796,0.3188760977458954,27.2,27.3,27.8,28.5,28.4,28.2,0.0,0.0,0.0,0.0,27.899999999999995,10.0,34.0,24.27,20.6,26.670000000000005,13.0
DOM,73.13333333333334,136.5,6.0,591.87399913,0.3333333333333333,56.283333333333324,7.166666666666667,0.4833333333333333,5090.818096166667,2163634.8333333335,3.2999999999999994,3.2166666666666672,0.7075,13.1,86.6,5.199400003814698,0.9999227673034661,0.6425627490882875,0.545379966747284,0.1174010506386756,0.169933569946289,47.3,47.7,46.1,47.7,44.3,45.2,45.7,0.0,0.0,0.0,46.285714285714285,109.0,35.0,68.37,68.37,68.37,138.0
DZA,75.16666666666667,81.66666666666667,21.0,349.0556285833334,53.5,56.68333333333334,24.0,0.10000000000000002,4268.825670166667,37971074.166666664,5.933333333333334,5.8,0.7318333333333333,14.2,66.2,5.667600043487548,1.012962893333436,0.6650569291496276,0.17843716158390038,0.14609922206878662,0.06921932939958572,0.0,27.6,0.0,0.0,0.0,0.0,0.0,0.0,0.0,0.0,27.6,9.0,5.0,53.88000000000001,53.88000000000001,53.88000000000001,101.0
ECU,75.66666666666667,125.33333333333333,6.5,148.79923736166666,54.833333333333336,44.949999999999996,7.666666666666667,0.10000000000000002,3030.94003,10914919.5,1.2666666666666666,1.1500000000000001,0.7218333333333332,13.5,48.2,5.991999979400633,0.927780079666138,0.7533032444725036,0.47952763971138,0.1416809294977188,0.12125249300479882,48.7,45.9,46.1,46.9,45.0,46.0,45.0,44.7,0.0,0.0,46.0375,106.0,36.0,57.623333333333335,41.36,70.59,112.0
ESP,82.3,51.333333333333336,1.0,1695.8351909083333,951.3333333333334,65.06666666666666,1.6666666666666667,0.10000000000000002,15505.831916666668,24926628.833333332,0.6,0.5,0.8718333333333333,17.216666666666665,34.6,6.351399975585938,1.298807572868348,0.9501081199798584,0.4109482460899354,0.06985281942605973,0.16881071432495118,35.2,35.7,35.4,36.2,36.1,36.2,0.0,0.0,0.0,0.0,35.800000000000004,58.0,127.0,32.846666666666664,14.86,54.42,33.0
EST,76.63333333333333,129.66666666666666,0.0,1528.9052769666669,2.8333333333333335,58.73333333333333,0.0,0.10000000000000002,12193.590473333335,1124283.1666666667,1.8999999999999997,1.9333333333333331,0.85,16.433333333333334,65.8,5.637800012207032,1.2378518680343622,0.7521516632728577,0.47822428607749945,0.17105578444576258,0.09178416224098206,32.0,32.5,32.9,35.1,34.6,32.7,0.0,0.0,0.0,0.0,33.300000000000004,40.0,39.0,22.145,20.7,23.59,10.0
ETH,63.4,241.16666666666666,148.16666666666666,53.434374924833335,7929.0,16.599999999999998,217.0,1.0666666666666667,405.59885845,49418339.5,3.1833333333333336,1.45,0.42283333333333334,8.316666666666666,123.4,4.423200007629394,0.2933587690944672,0.41254794150924684,0.401274548488617,0.1467271427736282,0.2560241480293274,33.2,0.0,0.0,0.0,0.0,39.1,0.0,0.0,0.0,0.0,36.150000000000006,62.0,40.0,47.15,47.15,47.15,82.0
FIN,84.0,81.66666666666667,0.0,3138.6083184800004,6.0,43.166666666666664,0.0,0.10000000000000002,26069.414426666666,5424268.333333333,0.9,0.8000000000000002,0.8843333333333334,16.95,3.6,7.537799972534179,1.3569603850326541,0.8738355339088439,0.6215361713371277,0.398474308588028,0.217782554517746,27.7,27.6,27.1,27.2,26.8,27.1,0.0,0.0,0.0,0.0,27.25,7.0,42.0,27.763333333333332,21.86,36.51,21.0
FRA,81.85000000000001,81.66666666666667,2.8333333333333335,2482.455012366667,3448.8333333333335,43.31666666666666,3.0,0.10000000000000002,21954.835276666665,26338424.833333332,0.6166666666666666,0.6,0.8861666666666667,16.150000000000002,27.8,6.515199982452392,1.344116692382812,0.9162411703567503,0.4883904231033326,0.18320848565864561,0.11673646136188501,33.7,33.3,33.1,32.5,32.3,32.7,0.0,0.0,0.0,0.0,32.93333333333333,37.0,43.0,53.90666666666666,37.93,65.7,102.0
GEO,74.21666666666667,109.0,1.0,158.87353445,1934.6666666666667,54.05,1.0,0.10000000000000002,3883.6103669999998,9383.333333333334,2.65,2.7999999999999994,0.7518333333333334,13.483333333333334,125.6,4.3387999549865714,0.8538865328445434,0.6828313961715697,0.35215800712203976,0.26655532705497736,0.05166776308751105,39.5,39.6,39.0,38.6,37.6,36.5,36.6,37.9,0.0,0.0,38.162499999999994,74.0,45.0,25.16,25.16,25.16,15.0
GHA,63.033333333333324,257.1666666666667,38.5,116.57512716666668,473.3333333333333,27.03333333333333,55.666666666666664,1.0833333333333333,1520.8851021666667,18506332.333333332,6.65,6.533333333333334,0.5641666666666666,11.200000000000001,115.0,4.536399977111816,0.6093749648857116,0.3633535453567504,0.42723525870323176,0.03409727397441864,0.2313647887516022,0.0,0.0,42.4,0.0,0.0,0.0,43.5,0.0,0.0,0.0,42.95,95.0,47.0,46.88,46.88,46.88,78.0
GRC,84.5,74.5,0.0,2209.6308561666665,32.833333333333336,65.13333333333334,0.0,0.10000000000000002,19802.187591666665,2731876.3333333335,0.8000000000000002,0.6999999999999998,0.8606666666666666,16.900000000000002,89.8,5.152400047302246,1.2054814962234501,0.8741237806167602,0.08578825018835068,0.03530595537829399,0.0,34.1,34.8,36.2,36.1,35.8,36.0,0.0,0.0,0.0,0.0,35.5,55.0,48.0,55.61,54.8,56.42,108.0
GTM,72.39999999999999,190.0,10.833333333333334,437.5822395166667,0.0,41.416666666666664,13.166666666666666,0.4000000000000001,3396.1979051666663,10951949.0,1.2166666666666666,1.2166666666666666,0.6148333333333333,10.616666666666665,33.6,6.34379999923706,0.8066143891944886,0.6157759979515076,0.5502861235847474,0.08159065571641921,0.24009167856597902,0.0,0.0,0.0,0.0,48.3,0.0,0.0,0.0,0.0,0.0,48.3,113.0,49.0,62.65,62.65,62.65,124.0
HND,74.16666666666667,128.5,3.6666666666666665,225.82915812333331,0.0,41.38333333333333,4.333333333333333,0.3666666666666667,1838.2451266666667,3262961.6666666665,2.1833333333333336,2.1333333333333333,0.6143333333333333,11.5,86.2,5.240800046539306,0.6564366235466004,0.6622998959884644,0.3966219720420838,0.07253109050941468,0.2227717747297286,53.1,56.2,56.1,52.6,50.4,49.6,50.0,50.5,0.0,0.0,52.3125,119.0,51.0,80.87,80.87,80.87,151.0
HRV,77.36666666666666,55.5,0.0,1292.5271530333332,37.833333333333336,53.18333333333334,0.0,0.10000000000000002,11292.132051666667,2941733.8333333335,1.5333333333333332,1.5,0.8143333333333335,14.766666666666666,74.0,5.458600044250488,1.152317246681214,0.769115704257965,0.2859344585227966,0.03368462200903892,0.1451565952358246,32.4,32.3,32.5,32.0,32.1,31.1,0.0,0.0,0.0,0.0,32.06666666666666,28.0,29.0,26.136666666666667,21.36,33.62,17.0
HUN,75.2,121.16666666666667,0.0,86.24349021500001,1.3333333333333333,63.283333333333324,0.6666666666666666,0.10000000000000002,9284.325756666667,3800731.6666666665,1.7,1.6833333333333331,0.8254999999999999,15.483333333333334,80.2,5.329399976348876,1.20407438685608,0.7365786905059813,0.23053670386219022,0.03018738748192788,0.08948033248186113,29.4,29.2,30.8,31.5,30.9,30.4,0.0,0.0,0.0,0.0,30.366666666666664,20.0,53.0,35.06,35.06,35.06,40.0
IDN,68.60000000000001,181.83333333333334,126.33333333333333,146.6348009666667,15452.0,25.150000000000002,151.33333333333334,0.3,2937.690654,175751726.33333334,1.5,1.3499999999999999,0.672,12.616666666666667,84.4,5.2520000167846685,0.9209697184677124,0.5612031441059112,0.4661606926403046,0.01290742709809542,0.5348529175872802,36.4,39.7,39.6,39.9,39.4,39.7,38.6,38.1,0.0,0.0,38.925000000000004,77.0,59.0,50.83,48.36,53.3,91.0
IND,67.39999999999999,160.0,1044.5,56.91716456333334,44588.666666666664,17.266666666666666,1350.0,0.20000000000000004,1482.1553233333334,281099848.5,26.85,27.55,0.5933333333333333,11.200000000000001,126.0,4.2978000114440915,0.7307142496299744,0.4989255233669282,0.4615394009990692,0.08847337705183031,0.22371369789218898,0.0,35.7,0.0,0.0,0.0,0.0,0.0,0.0,0.0,0.0,35.7,56.0,58.0,43.352399999999996,25.07,59.83,59.0
IRL,83.10000000000001,56.833333333333336,0.0,3160.4673460833333,153.83333333333334,51.88333333333334,0.0,0.10000000000000002,27964.95226166667,3918700.0,0.3,0.20000000000000004,0.9071666666666667,18.5,16.4,6.964400047302246,1.460415327857972,0.878932524848938,0.5721920684051514,0.299791630662918,0.38829966457176196,32.3,32.9,33.2,33.5,31.9,31.8,0.0,0.0,0.0,0.0,32.6,33.5,62.0,42.074,29.190000000000005,52.96,56.0
IRQ,72.55,139.0,32.0,204.58305657333335,656.8333333333334,57.48333333333333,38.833333333333336,0.10000000000000002,166.8,17721326.166666668,5.3,5.1,0.6528333333333334,10.299999999999999,116.8,4.528400043487548,1.043188097091674,0.5448620939979554,0.21642310653877259,0.1130911509375572,0.17414945280265798,0.0,0.0,29.5,0.0,0.0,0.0,0.0,0.0,0.0,0.0,29.5,19.0,61.0,59.13000000000001,59.13000000000001,59.13000000000001,116.0
ISL,82.33333333333333,35.333333333333336,0.0,3641.6225157666668,0.0,41.949999999999996,0.0,0.10000000000000002,24840.910004999998,130239.33333333333,0.9666666666666666,0.9,0.9049999999999999,18.783333333333335,3.2,7.511000037384034,1.3865226040802,0.9177444244232177,0.6180345270652771,0.14014531189441679,0.4191240441474914,26.2,26.8,26.8,25.4,27.8,0.0,0.0,0.0,0.0,0.0,26.6,6.0,57.0,23.02,23.02,23.02,11.0
ISR,82.01666666666667,42.166666666666664,0.8333333333333334,2776.8313270333333,73.33333333333333,63.98333333333333,1.0,0.10000000000000002,29932.439365,43490.333333333336,1.2,1.1,0.8889999999999999,15.883333333333331,13.0,7.142199964141847,1.303722484680176,0.90268879996109,0.41749972076606756,0.12087442001199722,0.3199365309906006,42.6,0.0,41.4,0.0,39.8,0.0,38.9,0.0,0.0,0.0,40.675,82.0,63.0,29.906666666666666,26.619999999999997,36.24,26.0
ITA,82.21666666666667,31.5,1.8333333333333333,3461.3503292333335,1016.0,62.31666666666666,2.0,0.10000000000000002,24713.544983333337,30963837.833333332,0.5333333333333333,0.5666666666666667,0.8753333333333334,16.416666666666668,46.2,6.022400045013429,1.311831323783874,0.9287248695335387,0.2438161425361634,0.02811961828315258,0.172571929635048,34.7,35.1,35.2,34.9,34.7,35.4,0.0,0.0,0.0,0.0,35.00000000000001,50.0,64.0,47.11166666666667,26.170000000000005,63.510000000000005,80.0
JOR,73.78333333333333,114.5,4.0,243.84013677,23.833333333333332,63.61666666666666,4.0,0.10000000000000002,1568.5129626666667,4284014.5,3.8833333333333337,3.9,0.7376666666666667,13.083333333333334,85.4,5.179599993133544,0.9097444788856507,0.6736200116653441,0.407252229850769,0.13194065443754202,0.1330640920448304,33.7,0.0,0.0,0.0,0.0,0.0,0.0,0.0,0.0,0.0,33.7,42.5,67.0,38.82,38.82,38.82,46.0
KAZ,69.46666666666667,153.66666666666666,5.666666666666667,79.42172823166666,184.33333333333334,43.583333333333336,6.333333333333333,0.10000000000000002,4492.611153666667,11641199.5,2.3666666666666667,2.5,0.7778333333333333,14.766666666666666,57.6,5.838399953460694,1.190505253929138,0.6367163101272584,0.4446288566474914,0.1064285772771836,0.1528688846120834,28.0,28.0,28.2,27.1,27.0,26.8,27.2,27.5,0.0,0.0,27.475,8.0,69.0,48.650000000000006,33.13,64.17,87.0
KEN,62.533333333333324,266.1666666666667,58.0,109.56919260166667,521.5,14.416666666666666,82.33333333333333,3.233333333333333,1170.79722745,30465692.166666668,7.966666666666666,7.783333333333334,0.5376666666666666,11.1,120.8,4.449399994659425,0.49057189242935184,0.41216166993522646,0.4431347532100678,0.059578263843059545,0.3915120618724822,0.0,0.0,0.0,0.0,0.0,40.8,0.0,0.0,0.0,0.0,40.8,84.0,70.0,59.029999999999994,59.029999999999994,59.029999999999994,115.0
LBN,74.91666666666667,95.66666666666667,1.0,324.424040155,323.6666666666667,64.71666666666667,1.0,0.10000000000000002,6023.519609666667,2726587.1666666665,4.783333333333333,4.8,0.7608333333333334,13.283333333333335,91.0,5.1495999809265145,1.0350615061416621,0.7872522153244018,0.3217911970024108,0.05538876595354081,0.2199841517391204,0.0,31.8,0.0,0.0,0.0,0.0,0.0,0.0,0.0,0.0,31.8,27.0,74.0,46.67,46.67,46.67,75.0
LKA,74.61666666666666,140.5,3.0,52.94665331,925.1666666666666,18.583333333333332,3.5,0.10000000000000002,1344.4592825,2522.8333333333335,15.233333333333334,15.15,0.753,13.766666666666666,123.0,4.392600011444092,0.9370540288772581,0.6912521664390564,0.5323286509857178,0.06841679323768615,0.3839847123260498,0.0,0.0,39.2,0.0,0.0,0.0,39.8,0.0,0.0,0.0,39.5,79.5,128.0,41.19,41.19,41.19,53.0
LTU,73.03333333333333,149.0,0.0,1528.3762456666666,17.5,34.18333333333333,0.0,0.10000000000000002,14534.11084,1605452.8333333333,2.6833333333333336,2.716666666666667,0.8334999999999999,16.566666666666666,52.0,5.929799990081788,1.233202469573974,0.708193988040924,0.25558835698795324,0.01767512857061624,0.025164931335270403,33.6,32.5,35.1,35.3,37.7,37.4,0.0,0.0,0.0,0.0,35.266666666666666,53.0,76.0,33.516666666666666,26.51,37.58,37.0
LUX,83.36666666666666,58.0,0.0,8891.879440333332,1.3333333333333333,33.266666666666666,0.0,0.10000000000000002,63600.08135000001,216144.16666666666,0.9333333333333332,0.9,0.8916666666666666,13.866666666666669,17.2,6.935999983215332,1.637674719558716,0.9034898990364073,0.5838315782127379,0.33742088480377197,0.2458461963748932,30.5,32.1,34.3,32.0,31.2,33.8,0.0,0.0,0.0,0.0,32.31666666666666,32.0,77.0,30.15,30.15,30.15,27.0
LVA,73.88333333333333,136.66666666666666,0.0,697.2746249766666,6.666666666666667,42.03333333333333,0.0,0.10000000000000002,9574.285806666667,790301.5,2.2,2.216666666666667,0.8168333333333333,15.783333333333335,63.4,5.676199980926514,1.185349724960328,0.697091394165039,0.3058755824890136,0.07121254532957079,0.1353569572134018,35.0,35.8,35.2,35.5,35.1,34.2,0.0,0.0,0.0,0.0,35.13333333333333,51.0,73.0,37.91,37.91,37.91,45.0
MAR,73.66666666666667,68.66666666666667,18.5,100.58442511999999,400.3333333333333,56.033333333333324,21.5,0.10000000000000002,2097.078671333333,18363704.0,6.3500000000000005,6.2,0.6261666666666666,11.633333333333333,88.0,5.17220002670288,0.8066969162216185,0.650592133808136,0.3919056664218902,0.08145263656377792,0.0412919910311699,0.0,0.0,0.0,39.5,0.0,0.0,0.0,0.0,0.0,0.0,39.5,79.5,89.0,45.78,36.17,55.39,68.0
MEX,76.31666666666666,105.0,32.5,430.25249133333335,1.0,43.800000000000004,37.5,0.10000000000000002,5278.4767485,42514971.5,1.5833333333333333,1.5333333333333332,0.7494999999999999,12.85,21.4,6.725200013732911,1.079360763572692,0.7715697995414734,0.4367260016727448,0.139488822921753,0.10441608655977239,45.3,0.0,45.4,0.0,45.8,0.0,43.4,0.0,0.0,0.0,44.975,101.0,85.0,52.16538461538461,24.96,81.8,95.0
MNE,75.68333333333334,48.5,0.0,563.9215701166667,1.6666666666666667,42.46666666666667,0.0,0.10000000000000002,6935.618421166667,229739.16666666666,1.8666666666666665,1.9166666666666667,0.797,15.083333333333334,81.4,5.291999997711182,1.048377807189942,0.725600934703827,0.1969398110790252,0.10386883881950378,0.1568442048187256,28.9,30.8,32.3,32.4,31.9,0.0,0.0,0.0,0.0,0.0,31.26,26.0,88.0,47.2,47.2,47.2,84.0
MNG,67.78333333333333,194.16666666666666,1.0,176.03056798666668,3394.3333333333335,42.28333333333333,1.5,0.10000000000000002,3485.819661666667,2005782.8333333333,2.2,2.3,0.7146666666666667,14.65,95.6,5.02919998474121,0.941191173118592,0.5914306968917846,0.3804247937641144,0.03248245783638954,0.3008308460597992,33.1,33.9,33.8,0.0,32.0,0.0,32.3,0.0,0.0,0.0,33.02,39.0,87.0,55.34000000000001,55.34000000000001,55.34000000000001,106.0
MYS,74.55,108.33333333333333,3.3333333333333335,168.07489704,874.0,31.93333333333333,4.0,0.10000000000000002,4267.644101666667,11114594.833333334,7.833333333333333,7.633333333333333,0.7771666666666667,12.95,53.0,5.904000022125244,1.209899083953858,0.6926768855285644,0.43736299649238575,0.06888414162540436,0.3466197859268188,0.0,43.9,0.0,41.3,0.0,41.0,0.0,0.0,0.0,0.0,42.06666666666666,93.0,83.0,52.39000000000001,35.59,63.4,97.0
NAM,65.14999999999999,253.5,2.6666666666666665,506.0627507551667,836.6666666666666,33.71666666666667,3.5,3.566666666666667,4440.858057833334,1265346.1666666667,7.766666666666667,7.7,0.6215,11.566666666666668,114.0,4.556999970436095,0.9125760814237595,0.382015452849865,0.4816108868455887,0.0792817430895567,0.06902093623876573,0.0,0.0,0.0,0.0,0.0,59.1,0.0,0.0,0.0,0.0,59.1,125.0,95.0,68.64,68.64,68.64,140.0
NLD,82.53333333333333,51.666666666666664,1.0,1035.3970751666666,475.8333333333333,51.73333333333333,1.0,0.10000000000000002,34698.75123,8972123.833333334,1.0,0.9,0.9176666666666667,17.76666666666667,6.2,7.404599971008301,1.4110129270782479,0.8785692250061036,0.5896508976211547,0.2986143650836944,0.4151499659557342,27.8,27.7,27.6,28.1,28.6,28.2,0.0,0.0,0.0,0.0,27.999999999999993,12.0,97.0,27.235000000000003,20.8,36.16,20.0
NOR,81.38333333333333,62.666666666666664,0.0,3008.671938833333,11.833333333333334,42.06666666666667,0.0,0.10000000000000002,18417.94111,2023155.8333333333,0.75,0.6999999999999998,0.9418333333333333,17.583333333333332,2.8,7.541000035858154,1.519380636871338,0.8733333005905152,0.6380485174789429,0.343950766904831,0.328990447462082,25.7,25.3,25.7,26.4,26.8,27.5,0.0,0.0,0.0,0.0,26.233333333333338,3.5,102.0,29.610000000000003,19.41,44.06,24.0
NPL,68.89999999999999,167.0,19.833333333333332,61.00205824216666,1775.0,17.716666666666665,24.833333333333332,0.15,579.1190196666666,19579710.5,16.2,16.616666666666667,0.5388333333333334,12.049999999999999,105.6,4.812399978637696,0.43141003837203973,0.5579201561393738,0.4316491896514892,0.07382510922431947,0.33713123317909244,32.8,0.0,0.0,0.0,0.0,0.0,0.0,0.0,0.0,0.0,32.8,35.0,96.0,37.25,37.25,37.25,44.0
PAK,65.81666666666666,165.0,364.6666666666667,40.113996388333334,4543.0,23.599999999999998,450.1666666666667,0.10000000000000002,1087.0538978333332,123341557.5,13.7,8.116666666666667,0.5338333333333334,7.7,79.0,5.344000010681151,0.667894706123352,0.45575355662727357,0.229891052315712,0.1157576133494378,0.2800012038345336,29.8,30.9,0.0,30.7,0.0,33.5,0.0,0.0,0.0,0.0,31.225,25.0,107.0,41.99,29.52,54.1,55.0
PAN,77.31666666666666,101.66666666666667,1.0,842.86872055,0.6666666666666666,55.98333333333333,1.1666666666666667,0.10000000000000002,7978.160693666668,2665939.8333333335,1.9333333333333331,1.8666666666666665,0.7695,12.9,27.6,6.53800002822876,1.1482676871948239,0.7760232269210816,0.5388793668022156,0.0729827847943306,0.186139387848854,51.6,51.3,51.7,51.5,50.5,50.8,50.4,49.9,0.0,0.0,50.9625,117.0,108.0,47.16,47.16,47.16,83.0
PER,74.86666666666666,108.16666666666667,8.666666666666666,605.8906707633333,0.6666666666666666,53.9,11.0,0.13333333333333333,4303.304726166667,16868057.0,1.1,1.1,0.7261666666666667,13.383333333333331,63.0,5.728400030517578,0.96508705443573,0.7036552226753234,0.4449965757808686,0.044171817308187485,0.11938194298076621,45.5,44.7,44.4,43.9,43.2,43.4,43.6,43.3,0.0,0.0,44.0,99.0,111.0,70.7,70.7,70.7,142.0
PHL,68.16666666666667,216.16666666666666,55.333333333333336,109.725876995,12804.833333333334,23.983333333333334,70.0,0.10000000000000002,2176.9003035,36966300.0,1.0,9.7,0.6705000000000001,11.6,76.8,5.387399965667724,0.791437843082428,0.5379018109321594,0.5920409348945619,0.11033837860536574,0.1794326846408844,0.0,0.0,42.2,0.0,0.0,40.1,0.0,0.0,0.0,0.0,41.150000000000006,89.0,112.0,46.040000000000006,27.75,64.72,70.0
POL,76.95,67.83333333333333,2.0,161.30882836166666,28.0,51.06666666666666,2.0,0.10000000000000002,11320.678775,8958592.666666666,1.9833333333333336,2.1166666666666667,0.8375,15.666666666666666,49.0,5.980800009918212,1.209037572555542,0.7668170695991516,0.5064924223175048,0.05408556123876572,0.1390971933164596,33.2,32.8,32.4,32.5,32.1,31.8,30.8,0.0,0.0,0.0,32.228571428571435,30.0,113.0,33.39714285714286,27.3,42.09,36.0
PRT,83.45,81.16666666666667,0.0,1588.0613675166667,6.5,41.85,0.0,0.10000000000000002,12355.202903333333,548944.0,0.6999999999999998,0.5,0.8264999999999999,16.366666666666667,82.8,5.304600034332276,1.23203105897522,0.8695327083244324,0.5060850599212646,0.01677189033734798,0.09024054250240326,35.8,36.3,36.0,36.2,35.6,35.5,0.0,0.0,0.0,0.0,35.9,59.0,114.0,39.166666666666664,29.170000000000005,52.98,47.0
PRY,73.64999999999999,126.0,2.8333333333333335,401.53618581666666,0.0,40.766666666666666,3.0,0.15,3446.8995781666663,4523526.0,2.033333333333333,1.95,0.6795,12.316666666666668,64.0,5.666600006103517,0.8552234634552003,0.6430361386642456,0.5059695583515168,0.08028918268775939,0.2331021315307618,51.0,52.3,47.6,47.9,50.7,47.6,47.9,48.8,0.0,0.0,49.225,115.0,110.0,49.29,49.29,49.29,89.0
ROU,74.41666666666667,139.33333333333334,2.0,550.7100738153333,2175.6666666666665,49.800000000000004,2.0,0.10000000000000002,5917.415270333334,7703064.5,2.75,2.9499999999999997,0.7968333333333334,15.15,62.8,5.698399961853028,1.14176678226471,0.7362156624641418,0.4329607484912872,0.004733580139786,0.1141779835453034,35.5,35.9,36.5,36.9,36.0,35.9,0.0,0.0,0.0,0.0,36.11666666666667,61.0,117.0,32.99625,19.82,60.2,34.0
RWA,64.7,165.83333333333334,13.0,16.982864325833333,42.5,13.833333333333334,18.166666666666668,0.9333333333333332,449.40021873333336,4554571.166666667,6.05,6.0,0.4765,10.516666666666667,152.0,3.4385999912261958,0.322057178647995,0.41754296146202086,0.5816107705993652,0.4734680027713776,0.22631120587348938,47.2,0.0,0.0,45.1,0.0,0.0,43.7,0.0,0.0,0.0,45.333333333333336,104.0,119.0,24.16,24.16,24.16,12.0
SLV,72.8,185.33333333333334,2.0,488.3105018666667,0.0,54.416666666666664,2.0,0.25,3841.7199923333333,4370762.0,1.6333333333333335,1.5833333333333333,0.6711666666666667,13.116666666666669,41.6,6.124199956512451,0.8296048991661072,0.6594777105560302,0.41992850593376163,0.09397419197845458,0.0863895970826149,43.5,42.3,41.8,43.4,41.6,40.6,40.0,38.0,0.0,0.0,41.4,90.0,38.0,69.79,69.79,69.79,141.0
SRB,75.03333333333333,124.5,1.0,553.5878761385001,135.16666666666666,49.550000000000004,1.0,0.10000000000000002,4857.967760166667,2901333.8333333335,2.1166666666666667,2.1333333333333333,0.7651666666666667,13.983333333333334,78.8,5.339199996185302,1.000643515853882,0.7167889342613221,0.22739310564994816,0.03849275612187386,0.1781611767635346,29.0,0.0,0.0,29.0,0.0,28.5,0.0,0.0,0.0,0.0,28.833333333333332,16.0,121.0,39.709999999999994,38.01,41.41,50.0
SVN,83.55,80.0,0.0,1684.0768180733332,16.166666666666668,49.550000000000004,0.0,0.10000000000000002,12699.507803333334,218044.5,1.4833333333333334,1.4666666666666668,0.8798333333333334,17.066666666666666,55.0,5.887999979400634,1.2605311909103398,0.8529416455993651,0.5819531615142821,0.045469795757770534,0.21146181865406039,24.9,24.9,25.6,26.2,25.7,25.4,0.0,0.0,0.0,0.0,25.450000000000003,2.0,124.0,21.48,21.48,21.48,7.0
SWE,81.91666666666667,56.166666666666664,0.0,4259.636141116666,26.833333333333332,58.35,0.0,0.10000000000000002,23298.50378166667,6535314.833333333,1.4166666666666667,1.3166666666666667,0.9030000000000001,15.85,8.6,7.319199983978272,1.403981453804016,0.8989910316619873,0.6175808197937013,0.397501745721817,0.336511850435257,27.7,27.6,27.6,28.8,28.4,29.2,0.0,0.0,0.0,0.0,28.21666666666666,13.0,129.0,44.884,33.96,56.59000000000001,65.0
THA,74.38333333333334,153.33333333333334,9.0,533.1575495666667,2288.5,26.21666666666667,10.5,0.13333333333333333,4975.728340166667,24184982.166666668,7.95,8.0,0.7280000000000001,13.483333333333334,39.4,6.28659995727539,1.050013754310608,0.7139778058815003,0.5652741463508606,0.029762547048330302,0.4916766220588684,39.4,37.5,39.3,37.8,37.0,36.0,36.9,36.5,0.0,0.0,37.55,67.0,136.0,37.11333333333334,23.91,46.45,43.0
TUN,74.96666666666667,10.666666666666666,3.0,412.24355292999996,17.833333333333332,49.81666666666666,3.0,0.10000000000000002,3518.114818333334,3131780.5,6.416666666666667,6.333333333333333,0.7176666666666667,14.583333333333334,108.4,4.728399965667724,0.9373271612396239,0.6903824098014832,0.2451781379146576,0.07000062976455687,0.050472671439886097,35.8,0.0,0.0,0.0,0.0,32.8,0.0,0.0,0.0,0.0,34.3,49.0,138.0,47.14,47.14,47.14,81.0
TUR,75.0,65.66666666666667,18.0,283.2439237483333,1463.1666666666667,64.05,21.166666666666668,0.10000000000000002,6805.962351666666,51513111.5,4.9,4.716666666666667,0.7465,14.083333333333334,75.2,5.4154,1.1510348748016361,0.7021011215019226,0.2573561199264526,0.11912231597948073,0.08105860838413238,38.8,40.0,40.2,40.2,41.2,42.9,41.9,0.0,0.0,0.0,40.74285714285714,83.0,139.0,32.01,18.86,47.62,32.0
UKR,73.68333333333334,112.83333333333333,4.5,217.11975633466668,2370.5,41.86666666666667,5.166666666666667,0.20000000000000004,2209.8929028333337,8464973.833333334,2.35,2.433333333333333,0.7398333333333333,15.1,127.4,4.307200038909912,0.835918389881134,0.636816790424347,0.1687589551463128,0.01838589416325092,0.20008829262351976,24.8,24.6,24.7,24.6,24.0,25.5,25.0,0.0,0.0,0.0,24.742857142857144,1.0,141.0,47.742000000000004,38.89,53.17,85.0
URY,76.73333333333333,116.16666666666667,0.0,672.6012206666667,0.0,62.6,0.3333333333333333,0.10000000000000002,12806.89854,2835233.1666666665,1.5,1.45,0.7856666666666667,15.516666666666666,30.6,6.4311999992370605,1.135557939048768,0.7829293647155762,0.574978450870514,0.1885163745441436,0.1690113858146668,44.5,42.2,39.9,40.5,40.1,40.2,39.7,39.5,0.0,0.0,40.824999999999996,85.0,144.0,54.81,54.81,54.81,103.0
ZAF,61.666666666666664,322.5,42.666666666666664,692.2058441666668,2121.8333333333335,41.61666666666667,55.666666666666664,6.4833333333333325,5814.538562000001,29322660.09166667,5.766666666666667,6.9833333333333325,0.6481666666666667,12.866666666666669,108.2,4.67519999923706,0.979869741134644,0.28981401407527924,0.428229347114563,0.07129989948081969,0.1257304759817124,63.4,0.0,0.0,0.0,63.0,0.0,0.0,0.0,0.0,0.0,63.2,126.0,125.0,77.33666666666666,71.32,81.98,148.0
ZWE,58.01666666666667,421.0,25.5,38.525125005,1616.0,21.583333333333332,37.833333333333336,9.516666666666667,477.767978,8114895.666666667,6.3500000000000005,6.216666666666666,0.47416666666666674,10.15,134.8,4.006600000000001,0.3440513069934844,0.2744027507781982,0.3232568414020538,0.08999707628202439,0.16940869875431058,0.0,43.2,0.0,0.0,0.0,0.0,0.0,0.0,0.0,0.0,43.2,96.0,151.0,60.35,60.35,60.35,120.0
